<?xml version = "1.0" encoding = "UTF-8"?>
<!DOCTYPE suite SYSTEM "http://testng.org/testng-1.0.dtd" >
<suite name = "UntitledTestSuite">
<test name = "UntitledTestCase">
    <classes>
        <class name = "com.example.UntitledTestSuite.UntitledTestCase"/>
    </classes>
</test>
<test name = "UntitledTestCase1">
    <classes>
        <class name = "com.example.UntitledTestSuite.UntitledTestCase1"/>
    </classes>
</test>
<test name = "UntitledTestCase2">
    <classes>
        <class name = "com.example.UntitledTestSuite.UntitledTestCase2"/>
    </classes>
</test>
</suite>